category,revenue
Intimates,37008.809955596924
Tops & Tees,19283.059997320175
Accessories,17675.65993142128
Shorts,16872.62997150421
Sleep & Lounge,16644.579929590225
Active,15857.56997013092
Socks & Hosiery,15118.549968242645
Underwear,14125.340000152588
Plus,11139.939970493317
Maternity,10355.659939289093
