cohort,cohort_name,n_customers,revenue_share,return_rate_orders,recency_days_mean,recency_days_median,recency_days_p90,frequency_mean,frequency_median,frequency_p90,monetary_mean,monetary_median,monetary_p90,aov_mean,aov_median,aov_p90,tenure_days_mean,tenure_days_median,tenure_days_p90,ip_days_mean,ip_days_median,ip_days_p90
most_valuable,most_valuable,16085,0.6094,0.0825,200.62337206945466,108.73955176938657,516.7142739916088,2.086415915449176,2.0,4.0,30.564836117731076,25.989999771118164,56.93000030517578,17.644072448837036,16.666666666666668,34.43999996185303,524.4647149354789,291.36246843605323,1402.570801769387,320.59447272077864,191.0,819.0
