category,revenue
Intimates,59016.51994585991
Tops & Tees,28236.410008192062
Shorts,24637.00995874405
Accessories,23852.29989792779
Sleep & Lounge,23711.23992753029
Socks & Hosiery,22633.859952688217
Active,20927.57995891571
Maternity,17861.4198884964
Plus,17730.569956302643
Leggings,15498.87993144989
