cohort,cohort_name,n_customers,revenue_share,return_rate_orders,recency_days_mean,recency_days_median,recency_days_p90,frequency_mean,frequency_median,frequency_p90,monetary_mean,monetary_median,monetary_p90,aov_mean,aov_median,aov_p90,tenure_days_mean,tenure_days_median,tenure_days_p90,ip_days_mean,ip_days_median,ip_days_p90
most_at_risk,most_at_risk,16075,0.4057,0.0778,829.6251974407189,770.0687184360532,1522.3877462138312,1.5021461897356143,1.0,2.0,20.90237631130367,19.989999771118164,41.989999771118164,15.762522930196681,14.600000381469728,28.325999832153325,1008.8172347657578,968.1242739916089,1792.7274684360534,377.2672514619883,283.0,847.6000000000004
