country,revenue
China,277027.1693379879
United States,181994.58952476457
Brasil,120064.83971180394
South Korea,44942.63989067078
France,39523.74990141392
United Kingdom,36888.449898958206
Spain,34069.94989037514
Germany,33978.13989281654
Japan,19612.479957699776
Australia,17912.309955000877
Belgium,10659.279975175858
Poland,1516.6099948883057
Colombia,111.71999835968018
España,12.0
