category,revenue
Intimates,95024.35986328125
Underwear,89059.58995580673
Tops & Tees,81710.99005126953
Accessories,71493.6397453919
Socks,64886.45991253853
Sleep & Lounge,63177.959730148315
Active,56819.42990374565
Shorts,54335.489897727966
Socks & Hosiery,38252.88988876343
Swim,33065.70983695984
