brand,revenue
Allegra K,62619.52000832558
Hanes,22074.089975833893
Calvin Klein,14173.950023651123
Nautica,11696.700001716614
Fruit of the Loom,10262.899984359741
Champion,9594.55997467041
Jockey,9264.790000915527
FineBrandShop,8837.899951457977
Dockers,8509.210004806519
SmartWool,8507.350170135498
